char_pool_size,password_length,num_arrangements,brute_force_time,comp_time
94,0,0,0.0,0.0
94,1,94,0.0009994506836,0.0
94,2,8836,0.05996346474,0.0
94,3,830584,5.874433994,0.0
94,4,78074896,417.0287595,0.0
94,5,7339040224,"31,971.89",0.0
94,6,689869781056,"2,454,695.68",0.0
94,7,64847759419264,"188,463,381.70",0.0
94,8,6.09569E+15,1.45E+10,0.0